{
  "baseline_always_low": {
    "low": 1.0,
    "medium": 0.0,
    "high": 0.0
  },
  "tabular_q_best": {
    "low": 0.9670138888888888,
    "medium": 0.03298611111111111,
    "high": 0.0
  },
  "approx_q_best": {
    "low": 0.9733796296296297,
    "medium": 0.02662037037037037,
    "high": 0.0
  }
}