{
  "config": {
    "trace_path": "data/processed/workload_trace_120.csv",
    "reward_json": "results/reward_sensitivity_120.json",
    "episode_length": 288,
    "stride": 288,
    "max_test_episodes": 6,
    "baseline": "always_low"
  },
  "rows": [
    {
      "method": "approx",
      "alpha_energy": 1.0,
      "beta_latency": 0.8,
      "gamma_miss": 2.0,
      "avg_episode_return_mean": -56.4625099069728,
      "avg_episode_return_std": 0.10994482162145065,
      "avg_step_energy_mean": 0.19048842592593115,
      "avg_step_energy_std": 0.0006557670588921835,
      "avg_step_latency_mean": 0.006952444619384565,
      "avg_step_latency_std": 0.0003887635982669638,
      "miss_rate_mean": 0.0,
      "miss_rate_std": 0.0,
      "training_wall_time_sec_mean": 17.058115358200304,
      "training_wall_time_sec_std": 0.11788948958635688,
      "always_low_return": -59.10474964870024,
      "gap_vs_always_low": 2.642239741727444,
      "relative_gain_pct": 4.4704355528651645
    },
    {
      "method": "approx",
      "alpha_energy": 0.8,
      "beta_latency": 0.6,
      "gamma_miss": 2.0,
      "avg_episode_return_mean": -45.09823022009309,
      "avg_episode_return_std": 0.050324065421767226,
      "avg_step_energy_mean": 0.18962847222222745,
      "avg_step_energy_std": 0.0009832814557006607,
      "avg_step_latency_mean": 0.00814716562554026,
      "avg_step_latency_std": 0.0015899684712403451,
      "miss_rate_mean": 0.0,
      "miss_rate_std": 0.0,
      "training_wall_time_sec_mean": 17.294346608199703,
      "training_wall_time_sec_std": 0.012653052912742716,
      "always_low_return": -46.920562236524944,
      "gap_vs_always_low": 1.8223320164318508,
      "relative_gain_pct": 3.8838665386095284
    },
    {
      "method": "approx",
      "alpha_energy": 1.0,
      "beta_latency": 0.6,
      "gamma_miss": 2.0,
      "avg_episode_return_mean": -56.026655177155284,
      "avg_episode_return_std": 0.11076577813826546,
      "avg_step_energy_mean": 0.18969212962963483,
      "avg_step_energy_std": 0.0005441095199985736,
      "avg_step_latency_mean": 0.00807477918878495,
      "avg_step_latency_std": 0.0010024028692881578,
      "miss_rate_mean": 0.0,
      "miss_rate_std": 0.0,
      "training_wall_time_sec_mean": 17.478219874800562,
      "training_wall_time_sec_std": 0.1401834219300241,
      "always_low_return": -57.28856223652516,
      "gap_vs_always_low": 1.2619070593698751,
      "relative_gain_pct": 2.2027207702645537
    },
    {
      "method": "approx",
      "alpha_energy": 1.2,
      "beta_latency": 0.6,
      "gamma_miss": 2.0,
      "avg_episode_return_mean": -66.9960271054644,
      "avg_episode_return_std": 0.125976484366377,
      "avg_step_energy_mean": 0.19014699074074598,
      "avg_step_energy_std": 0.0006623121676425735,
      "avg_step_latency_mean": 0.007414508712177599,
      "avg_step_latency_std": 0.0007652757636362128,
      "miss_rate_mean": 0.0,
      "miss_rate_std": 0.0,
      "training_wall_time_sec_mean": 17.112876933399093,
      "training_wall_time_sec_std": 0.09704958900032348,
      "always_low_return": -67.65656223652533,
      "gap_vs_always_low": 0.6605351310609251,
      "relative_gain_pct": 0.9763060806307507
    },
    {
      "method": "approx",
      "alpha_energy": 1.0,
      "beta_latency": 0.4,
      "gamma_miss": 2.0,
      "avg_episode_return_mean": -55.39692562078576,
      "avg_episode_return_std": 0.11443257951429492,
      "avg_step_energy_mean": 0.1839652777777831,
      "avg_step_energy_std": 0.004230121245834185,
      "avg_step_latency_mean": 0.02096289601376592,
      "avg_step_latency_std": 0.009642268667844974,
      "miss_rate_mean": 0.0,
      "miss_rate_std": 0.0,
      "training_wall_time_sec_mean": 17.073469724800088,
      "training_wall_time_sec_std": 0.14582086631112243,
      "always_low_return": -55.47237482435008,
      "gap_vs_always_low": 0.07544920356431817,
      "relative_gain_pct": 0.1360122111289151
    }
  ]
}